"Bib.","Name","YOB","Class","Gender","Start.Time","Finish.Time","Split.1","Split.2","Split.3","Status","SEQ","Run","Last_Split_Time"
1,"Andre",0,"UNK","Male","9:29:32.160 AM",27.98,16.954,0,0,NA,10,3,11.026
1,"Andre",0,"UNK","Male","8:45:41.672 AM",28.037,17.06,0,0,NA,4,1,10.977
1,"Andre",0,"UNK","Male","9:10:47.118 AM",28.121,17.183,0,0,NA,7,2,10.938
88,"Matts",0,"UNK","Male","10:18:25.801 AM",28.024,17.2,0,0,NA,13,5,10.824
88,"Matts",0,"UNK","Male","9:50:52.573 AM",28.095,17.11,0,0,NA,12,4,10.985
88,"Matts",0,"UNK","Male","8:54:08.183 AM",28.175,17.179,0,0,NA,5,1,10.996
88,"Matts",0,"UNK","Male","8:39:12.674 AM",28.252,17.186,0,0,NA,3,1,11.066
88,"Matts",0,"UNK","Male","9:28:29.195 AM",28.56,17.303,0,0,NA,9,3,11.257
15,"Tim Jitloff",0,"UNK","Male","9:48:19.408 AM",28.057,17.072,0,0,NA,11,4,10.985
15,"Tim Jitloff",0,"UNK","Male","9:12:59.005 AM",28.319,17.049,0,0,NA,8,3,11.27
15,"Tim Jitloff",0,"UNK","Male","8:31:24.212 AM",42.286,17.286,0,0,NA,2,1,25
15,"Tim Jitloff",0,"UNK","Male","8:59:07.361 AM",4029.385,16.988,0,0,NA,6,2,4012.397
